"County","Category","Prop","Proportion","indicator"
"Mombasa","Stunting","Percentage change",-36,"Nutrition"
"Kwale","Stunting","Percentage change",-23.6,"Nutrition"
"Kilifi","Stunting","Percentage change",-5.4,"Nutrition"
"Tana River","Stunting","Percentage change",-24.9,"Nutrition"
"Lamu","Stunting","Percentage change",-44.9,"Nutrition"
"Taita Taveta","Stunting","Percentage change",-19.3,"Nutrition"
"Garissa","Stunting","Percentage change",-42.3,"Nutrition"
"Wajir","Stunting","Percentage change",-53,"Nutrition"
"Mandera","Stunting","Percentage change",-43.2,"Nutrition"
"Marsabit","Stunting","Percentage change",-28.7,"Nutrition"
"Isiolo","Stunting","Percentage change",-26.2,"Nutrition"
"Meru","Stunting","Percentage change",0,"Nutrition"
"Tharaka Nithi","Stunting","Percentage change",-37.7,"Nutrition"
"Embu","Stunting","Percentage change",-25.7,"Nutrition"
"Kitui","Stunting","Percentage change",-45.2,"Nutrition"
"Machakos","Stunting","Percentage change",-38.9,"Nutrition"
"Makueni","Stunting","Percentage change",-21.1,"Nutrition"
"Nyandarua","Stunting","Percentage change",-39.5,"Nutrition"
"Nyeri","Stunting","Percentage change",-17.2,"Nutrition"
"Kirinyaga","Stunting","Percentage change",-34.9,"Nutrition"
"Muranga","Stunting","Percentage change",-47.7,"Nutrition"
"Kiambu","Stunting","Percentage change",-2.5,"Nutrition"
"Turkana","Stunting","Percentage change",-3.8,"Nutrition"
"West Pokot","Stunting","Percentage change",-27,"Nutrition"
"Samburu","Stunting","Percentage change",4.3,"Nutrition"
"Trans Nzoia","Stunting","Percentage change",-27.1,"Nutrition"
"Uasin Gishu","Stunting","Percentage change",-54.5,"Nutrition"
"Elgeyo Marakwet","Stunting","Percentage change",-27.1,"Nutrition"
"Nandi","Stunting","Percentage change",-49.5,"Nutrition"
"Baringo","Stunting","Percentage change",-28.1,"Nutrition"
"Laikipia","Stunting","Percentage change",-53.2,"Nutrition"
"Nakuru","Stunting","Percentage change",-33,"Nutrition"
"Narok","Stunting","Percentage change",-34.7,"Nutrition"
"Kajiado","Stunting","Percentage change",-23.1,"Nutrition"
"Kericho","Stunting","Percentage change",-32.8,"Nutrition"
"Bomet","Stunting","Percentage change",-37.7,"Nutrition"
"Kakamega","Stunting","Percentage change",-59.5,"Nutrition"
"Vihiga","Stunting","Percentage change",-29.4,"Nutrition"
"Bungoma","Stunting","Percentage change",-22.1,"Nutrition"
"Busia","Stunting","Percentage change",-31.8,"Nutrition"
"Siaya","Stunting","Percentage change",-22.3,"Nutrition"
"Kisumu","Stunting","Percentage change",-49.4,"Nutrition"
"Homa Bay","Stunting","Percentage change",-33.2,"Nutrition"
"Migori","Stunting","Percentage change",-43.9,"Nutrition"
"Kisii","Stunting","Percentage change",-36.1,"Nutrition"
"Nyamira","Stunting","Percentage change",-47.1,"Nutrition"
"Nairobi","Stunting","Percentage change",-35.5,"Nutrition"
"Mombasa","Wasting","Percentage change",12.2,"Nutrition"
"Kwale","Wasting","Percentage change",40.9,"Nutrition"
"Kilifi","Wasting","Percentage change",75.6,"Nutrition"
"Tana River","Wasting","Percentage change",98.2,"Nutrition"
"Lamu","Wasting","Percentage change",-16.7,"Nutrition"
"Taita Taveta","Wasting","Percentage change",-43.1,"Nutrition"
"Garissa","Wasting","Percentage change",34.2,"Nutrition"
"Wajir","Wasting","Percentage change",60.6,"Nutrition"
"Mandera","Wasting","Percentage change",16.9,"Nutrition"
"Marsabit","Wasting","Percentage change",25.2,"Nutrition"
"Isiolo","Wasting","Percentage change",-20.9,"Nutrition"
"Meru","Wasting","Percentage change",106.9,"Nutrition"
"Tharaka Nithi","Wasting","Percentage change",-6.1,"Nutrition"
"Embu","Wasting","Percentage change",76.7,"Nutrition"
"Kitui","Wasting","Percentage change",44.1,"Nutrition"
"Machakos","Wasting","Percentage change",-46.2,"Nutrition"
"Makueni","Wasting","Percentage change",90.5,"Nutrition"
"Nyandarua","Wasting","Percentage change",-5,"Nutrition"
"Nyeri","Wasting","Percentage change",12.5,"Nutrition"
"Kirinyaga","Wasting","Percentage change",-43.6,"Nutrition"
"Muranga","Wasting","Percentage change",21.4,"Nutrition"
"Kiambu","Wasting","Percentage change",39.1,"Nutrition"
"Turkana","Wasting","Percentage change",-1.3,"Nutrition"
"West Pokot","Wasting","Percentage change",-23.1,"Nutrition"
"Samburu","Wasting","Percentage change",13.2,"Nutrition"
"Trans Nzoia","Wasting","Percentage change",-17.9,"Nutrition"
"Uasin Gishu","Wasting","Percentage change",33.3,"Nutrition"
"Elgeyo Marakwet","Wasting","Percentage change",11.6,"Nutrition"
"Nandi","Wasting","Percentage change",2.6,"Nutrition"
"Baringo","Wasting","Percentage change",97.1,"Nutrition"
"Laikipia","Wasting","Percentage change",-40.9,"Nutrition"
"Nakuru","Wasting","Percentage change",-33.3,"Nutrition"
"Narok","Wasting","Percentage change",-12.5,"Nutrition"
"Kajiado","Wasting","Percentage change",153.3,"Nutrition"
"Kericho","Wasting","Percentage change",-55.4,"Nutrition"
"Bomet","Wasting","Percentage change",83.3,"Nutrition"
"Kakamega","Wasting","Percentage change",-16.7,"Nutrition"
"Vihiga","Wasting","Percentage change",-7.7,"Nutrition"
"Bungoma","Wasting","Percentage change",27.8,"Nutrition"
"Busia","Wasting","Percentage change",27.3,"Nutrition"
"Siaya","Wasting","Percentage change",750,"Nutrition"
"Kisumu","Wasting","Percentage change",275,"Nutrition"
"Homa Bay","Wasting","Percentage change",-21.7,"Nutrition"
"Migori","Wasting","Percentage change",-40,"Nutrition"
"Kisii","Wasting","Percentage change",70.6,"Nutrition"
"Nyamira","Wasting","Percentage change",-70.7,"Nutrition"
"Nairobi","Wasting","Percentage change",0,"Nutrition"
"Mombasa","Underweight","Percentage change",2.1,"Nutrition"
"Kwale","Underweight","Percentage change",16.1,"Nutrition"
"Kilifi","Underweight","Percentage change",15.4,"Nutrition"
"Tana River","Underweight","Percentage change",-9.7,"Nutrition"
"Lamu","Underweight","Percentage change",5.9,"Nutrition"
"Taita Taveta","Underweight","Percentage change",61.5,"Nutrition"
"Garissa","Underweight","Percentage change",7.6,"Nutrition"
"Wajir","Underweight","Percentage change",-23.2,"Nutrition"
"Mandera","Underweight","Percentage change",-6.8,"Nutrition"
"Marsabit","Underweight","Percentage change",-14,"Nutrition"
"Isiolo","Underweight","Percentage change",-10.9,"Nutrition"
"Meru","Underweight","Percentage change",33.3,"Nutrition"
"Tharaka Nithi","Underweight","Percentage change",-28.7,"Nutrition"
"Embu","Underweight","Percentage change",1.8,"Nutrition"
"Kitui","Underweight","Percentage change",-29.4,"Nutrition"
"Machakos","Underweight","Percentage change",0,"Nutrition"
"Makueni","Underweight","Percentage change",-14.7,"Nutrition"
"Nyandarua","Underweight","Percentage change",-41.2,"Nutrition"
"Nyeri","Underweight","Percentage change",60,"Nutrition"
"Kirinyaga","Underweight","Percentage change",-26,"Nutrition"
"Muranga","Underweight","Percentage change",5.4,"Nutrition"
"Kiambu","Underweight","Percentage change",17.6,"Nutrition"
"Turkana","Underweight","Percentage change",-6.8,"Nutrition"
"West Pokot","Underweight","Percentage change",-29.6,"Nutrition"
"Samburu","Underweight","Percentage change",4.5,"Nutrition"
"Trans Nzoia","Underweight","Percentage change",-27.5,"Nutrition"
"Uasin Gishu","Underweight","Percentage change",-44.3,"Nutrition"
"Elgeyo Marakwet","Underweight","Percentage change",10.3,"Nutrition"
"Nandi","Underweight","Percentage change",-18.9,"Nutrition"
"Baringo","Underweight","Percentage change",-1.5,"Nutrition"
"Laikipia","Underweight","Percentage change",-52.5,"Nutrition"
"Nakuru","Underweight","Percentage change",-9.8,"Nutrition"
"Narok","Underweight","Percentage change",-7.8,"Nutrition"
"Kajiado","Underweight","Percentage change",18.5,"Nutrition"
"Kericho","Underweight","Percentage change",-25.8,"Nutrition"
"Bomet","Underweight","Percentage change",-18.3,"Nutrition"
"Kakamega","Underweight","Percentage change",-36.6,"Nutrition"
"Vihiga","Underweight","Percentage change",55.9,"Nutrition"
"Bungoma","Underweight","Percentage change",6.7,"Nutrition"
"Busia","Underweight","Percentage change",-30,"Nutrition"
"Siaya","Underweight","Percentage change",-10.3,"Nutrition"
"Kisumu","Underweight","Percentage change",-47,"Nutrition"
"Homa Bay","Underweight","Percentage change",13,"Nutrition"
"Migori","Underweight","Percentage change",-41.9,"Nutrition"
"Kisii","Underweight","Percentage change",-7.1,"Nutrition"
"Nyamira","Underweight","Percentage change",-64.6,"Nutrition"
"Nairobi","Underweight","Percentage change",39.5,"Nutrition"
"Mombasa","Households with >=1 ITN","Percentage change",11.2,"Malaria"
"Mombasa","Households with >=1 ITN
per 2 people","Percentage change",17,"Households with >=1 ITN
per 2 people"
"Kwale","Households with >=1 ITN","Percentage change",-8.6,"Malaria"
"Kwale","Households with >=1 ITN
per 2 people","Percentage change",-0.6,"Households with >=1 ITN
per 2 people"
"Kilifi","Households with >=1 ITN","Percentage change",1.8,"Malaria"
"Kilifi","Households with >=1 ITN
per 2 people","Percentage change",16.1,"Households with >=1 ITN
per 2 people"
"Tana River","Households with >=1 ITN","Percentage change",9.2,"Malaria"
"Tana River","Households with >=1 ITN
per 2 people","Percentage change",3.9,"Households with >=1 ITN
per 2 people"
"Lamu","Households with >=1 ITN","Percentage change",-7.3,"Malaria"
"Lamu","Households with >=1 ITN
per 2 people","Percentage change",-15.4,"Households with >=1 ITN
per 2 people"
"Taita Taveta","Households with >=1 ITN","Percentage change",8.6,"Malaria"
"Taita Taveta","Households with >=1 ITN
per 2 people","Percentage change",22.6,"Households with >=1 ITN
per 2 people"
"Garissa","Households with >=1 ITN","Percentage change",-67.8,"Malaria"
"Garissa","Households with >=1 ITN
per 2 people","Percentage change",-80.2,"Households with >=1 ITN
per 2 people"
"Wajir","Households with >=1 ITN","Percentage change",-18.7,"Malaria"
"Wajir","Households with >=1 ITN
per 2 people","Percentage change",-14.4,"Households with >=1 ITN
per 2 people"
"Mandera","Households with >=1 ITN","Percentage change",-45.3,"Malaria"
"Mandera","Households with >=1 ITN
per 2 people","Percentage change",-56,"Households with >=1 ITN
per 2 people"
"Marsabit","Households with >=1 ITN","Percentage change",9.7,"Malaria"
"Marsabit","Households with >=1 ITN
per 2 people","Percentage change",5.7,"Households with >=1 ITN
per 2 people"
"Isiolo","Households with >=1 ITN","Percentage change",-17.5,"Malaria"
"Isiolo","Households with >=1 ITN
per 2 people","Percentage change",-25.7,"Households with >=1 ITN
per 2 people"
"Meru","Households with >=1 ITN","Percentage change",-32.3,"Malaria"
"Meru","Households with >=1 ITN
per 2 people","Percentage change",-45.1,"Households with >=1 ITN
per 2 people"
"Tharaka Nithi","Households with >=1 ITN","Percentage change",-21.4,"Malaria"
"Tharaka Nithi","Households with >=1 ITN
per 2 people","Percentage change",-24.2,"Households with >=1 ITN
per 2 people"
"Embu","Households with >=1 ITN","Percentage change",-28.3,"Malaria"
"Embu","Households with >=1 ITN
per 2 people","Percentage change",-31.7,"Households with >=1 ITN
per 2 people"
"Kitui","Households with >=1 ITN","Percentage change",-46,"Malaria"
"Kitui","Households with >=1 ITN
per 2 people","Percentage change",-48.5,"Households with >=1 ITN
per 2 people"
"Machakos","Households with >=1 ITN","Percentage change",-0.2,"Malaria"
"Machakos","Households with >=1 ITN
per 2 people","Percentage change",23.2,"Households with >=1 ITN
per 2 people"
"Makueni","Households with >=1 ITN","Percentage change",-13,"Malaria"
"Makueni","Households with >=1 ITN
per 2 people","Percentage change",-6.9,"Households with >=1 ITN
per 2 people"
"Nyandarua","Households with >=1 ITN","Percentage change",-20.8,"Malaria"
"Nyandarua","Households with >=1 ITN
per 2 people","Percentage change",-18.3,"Households with >=1 ITN
per 2 people"
"Nyeri","Households with >=1 ITN","Percentage change",-8.1,"Malaria"
"Nyeri","Households with >=1 ITN
per 2 people","Percentage change",1.7,"Households with >=1 ITN
per 2 people"
"Kirinyaga","Households with >=1 ITN","Percentage change",-16.4,"Malaria"
"Kirinyaga","Households with >=1 ITN
per 2 people","Percentage change",-12.7,"Households with >=1 ITN
per 2 people"
"Muranga","Households with >=1 ITN","Percentage change",-17.8,"Malaria"
"Muranga","Households with >=1 ITN
per 2 people","Percentage change",-18.8,"Households with >=1 ITN
per 2 people"
"Kiambu","Households with >=1 ITN","Percentage change",-30.3,"Malaria"
"Kiambu","Households with >=1 ITN
per 2 people","Percentage change",-36.5,"Households with >=1 ITN
per 2 people"
"Turkana","Households with >=1 ITN","Percentage change",6.9,"Malaria"
"Turkana","Households with >=1 ITN
per 2 people","Percentage change",15.3,"Households with >=1 ITN
per 2 people"
"West Pokot","Households with >=1 ITN","Percentage change",30.9,"Malaria"
"West Pokot","Households with >=1 ITN
per 2 people","Percentage change",95.8,"Households with >=1 ITN
per 2 people"
"Samburu","Households with >=1 ITN","Percentage change",5.9,"Malaria"
"Samburu","Households with >=1 ITN
per 2 people","Percentage change",-14.9,"Households with >=1 ITN
per 2 people"
"Trans Nzoia","Households with >=1 ITN","Percentage change",21.8,"Malaria"
"Trans Nzoia","Households with >=1 ITN
per 2 people","Percentage change",80.5,"Households with >=1 ITN
per 2 people"
"Uasin Gishu","Households with >=1 ITN","Percentage change",-3.8,"Malaria"
"Uasin Gishu","Households with >=1 ITN
per 2 people","Percentage change",14.3,"Households with >=1 ITN
per 2 people"
"Elgeyo Marakwet","Households with >=1 ITN","Percentage change",15.5,"Malaria"
"Elgeyo Marakwet","Households with >=1 ITN
per 2 people","Percentage change",0,"Households with >=1 ITN
per 2 people"
"Nandi","Households with >=1 ITN","Percentage change",6.6,"Malaria"
"Nandi","Households with >=1 ITN
per 2 people","Percentage change",64.7,"Households with >=1 ITN
per 2 people"
"Baringo","Households with >=1 ITN","Percentage change",6.7,"Malaria"
"Baringo","Households with >=1 ITN
per 2 people","Percentage change",14.6,"Households with >=1 ITN
per 2 people"
"Laikipia","Households with >=1 ITN","Percentage change",42.3,"Malaria"
"Laikipia","Households with >=1 ITN
per 2 people","Percentage change",50,"Households with >=1 ITN
per 2 people"
"Nakuru","Households with >=1 ITN","Percentage change",-27.1,"Malaria"
"Nakuru","Households with >=1 ITN
per 2 people","Percentage change",-32.6,"Households with >=1 ITN
per 2 people"
"Narok","Households with >=1 ITN","Percentage change",45.6,"Malaria"
"Narok","Households with >=1 ITN
per 2 people","Percentage change",112.6,"Households with >=1 ITN
per 2 people"
"Kajiado","Households with >=1 ITN","Percentage change",-22.1,"Malaria"
"Kajiado","Households with >=1 ITN
per 2 people","Percentage change",-37.2,"Households with >=1 ITN
per 2 people"
"Kericho","Households with >=1 ITN","Percentage change",5.8,"Malaria"
"Kericho","Households with >=1 ITN
per 2 people","Percentage change",45.2,"Households with >=1 ITN
per 2 people"
"Bomet","Households with >=1 ITN","Percentage change",18.9,"Malaria"
"Bomet","Households with >=1 ITN
per 2 people","Percentage change",65.2,"Households with >=1 ITN
per 2 people"
"Kakamega","Households with >=1 ITN","Percentage change",13.1,"Malaria"
"Kakamega","Households with >=1 ITN
per 2 people","Percentage change",42.3,"Households with >=1 ITN
per 2 people"
"Vihiga","Households with >=1 ITN","Percentage change",11.6,"Malaria"
"Vihiga","Households with >=1 ITN
per 2 people","Percentage change",68.8,"Households with >=1 ITN
per 2 people"
"Bungoma","Households with >=1 ITN","Percentage change",7.8,"Malaria"
"Bungoma","Households with >=1 ITN
per 2 people","Percentage change",69.3,"Households with >=1 ITN
per 2 people"
"Busia","Households with >=1 ITN","Percentage change",11.4,"Malaria"
"Busia","Households with >=1 ITN
per 2 people","Percentage change",38.1,"Households with >=1 ITN
per 2 people"
"Siaya","Households with >=1 ITN","Percentage change",10,"Malaria"
"Siaya","Households with >=1 ITN
per 2 people","Percentage change",40.9,"Households with >=1 ITN
per 2 people"
"Kisumu","Households with >=1 ITN","Percentage change",-13.2,"Malaria"
"Kisumu","Households with >=1 ITN
per 2 people","Percentage change",-10.6,"Households with >=1 ITN
per 2 people"
"Homa Bay","Households with >=1 ITN","Percentage change",20.1,"Malaria"
"Homa Bay","Households with >=1 ITN
per 2 people","Percentage change",60.5,"Households with >=1 ITN
per 2 people"
"Migori","Households with >=1 ITN","Percentage change",17.6,"Malaria"
"Migori","Households with >=1 ITN
per 2 people","Percentage change",78.9,"Households with >=1 ITN
per 2 people"
"Kisii","Households with >=1 ITN","Percentage change",-1.3,"Malaria"
"Kisii","Households with >=1 ITN
per 2 people","Percentage change",23.9,"Households with >=1 ITN
per 2 people"
"Nyamira","Households with >=1 ITN","Percentage change",10.8,"Malaria"
"Nyamira","Households with >=1 ITN
per 2 people","Percentage change",40.1,"Households with >=1 ITN
per 2 people"
"Nairobi","Households with >=1 ITN","Percentage change",-46,"Malaria"
"Nairobi","Households with >=1 ITN
per 2 people","Percentage change",-49.8,"Households with >=1 ITN
per 2 people"
"Mombasa","BCG","Percentage change",-1.4,"Child vaccination"
"Mombasa","DPT1","Percentage change",0,"Child vaccination"
"Mombasa","DPT2","Percentage change",0.8,"Child vaccination"
"Mombasa","DPT3","Percentage change",1.8,"Child vaccination"
"Mombasa","OPV","Percentage change",16.5,"Child vaccination"
"Mombasa","OPV1","Percentage change",0,"Child vaccination"
"Mombasa","OPV2","Percentage change",0.8,"Child vaccination"
"Mombasa","OPV3","Percentage change",-9.2,"Child vaccination"
"Mombasa","FULL_VACCINATION","Percentage change",-11.6,"Child vaccination"
"Kwale","BCG","Percentage change",-2.6,"Child vaccination"
"Kwale","DPT1","Percentage change",0,"Child vaccination"
"Kwale","DPT2","Percentage change",-2.9,"Child vaccination"
"Kwale","DPT3","Percentage change",-15.3,"Child vaccination"
"Kwale","OPV","Percentage change",14.4,"Child vaccination"
"Kwale","OPV1","Percentage change",-2.8,"Child vaccination"
"Kwale","OPV2","Percentage change",0.8,"Child vaccination"
"Kwale","OPV3","Percentage change",-22.2,"Child vaccination"
"Kwale","FULL_VACCINATION","Percentage change",-68.7,"Child vaccination"
"Kilifi","BCG","Percentage change",5.7,"Child vaccination"
"Kilifi","DPT1","Percentage change",4.7,"Child vaccination"
"Kilifi","DPT2","Percentage change",3,"Child vaccination"
"Kilifi","DPT3","Percentage change",6.6,"Child vaccination"
"Kilifi","OPV","Percentage change",11.8,"Child vaccination"
"Kilifi","OPV1","Percentage change",3.1,"Child vaccination"
"Kilifi","OPV2","Percentage change",1.7,"Child vaccination"
"Kilifi","OPV3","Percentage change",-13,"Child vaccination"
"Kilifi","FULL_VACCINATION","Percentage change",-18.6,"Child vaccination"
"Tana River","BCG","Percentage change",-2.6,"Child vaccination"
"Tana River","DPT1","Percentage change",-3.9,"Child vaccination"
"Tana River","DPT2","Percentage change",-7.1,"Child vaccination"
"Tana River","DPT3","Percentage change",-11.3,"Child vaccination"
"Tana River","OPV","Percentage change",47.8,"Child vaccination"
"Tana River","OPV1","Percentage change",-4,"Child vaccination"
"Tana River","OPV2","Percentage change",-9.3,"Child vaccination"
"Tana River","OPV3","Percentage change",-30.5,"Child vaccination"
"Tana River","FULL_VACCINATION","Percentage change",-79.1,"Child vaccination"
"Lamu","BCG","Percentage change",4.5,"Child vaccination"
"Lamu","DPT1","Percentage change",0.7,"Child vaccination"
"Lamu","DPT2","Percentage change",0.2,"Child vaccination"
"Lamu","DPT3","Percentage change",0.5,"Child vaccination"
"Lamu","OPV","Percentage change",33.7,"Child vaccination"
"Lamu","OPV1","Percentage change",-1,"Child vaccination"
"Lamu","OPV2","Percentage change",0.5,"Child vaccination"
"Lamu","OPV3","Percentage change",-23.1,"Child vaccination"
"Lamu","FULL_VACCINATION","Percentage change",-24.4,"Child vaccination"
"Taita Taveta","BCG","Percentage change",0,"Child vaccination"
"Taita Taveta","DPT1","Percentage change",0,"Child vaccination"
"Taita Taveta","DPT2","Percentage change",-3,"Child vaccination"
"Taita Taveta","DPT3","Percentage change",-13.6,"Child vaccination"
"Taita Taveta","OPV","Percentage change",8.2,"Child vaccination"
"Taita Taveta","OPV1","Percentage change",-2.7,"Child vaccination"
"Taita Taveta","OPV2","Percentage change",-4.8,"Child vaccination"
"Taita Taveta","OPV3","Percentage change",-19.9,"Child vaccination"
"Taita Taveta","FULL_VACCINATION","Percentage change",-35.8,"Child vaccination"
"Garissa","BCG","Percentage change",-27.1,"Child vaccination"
"Garissa","DPT1","Percentage change",-49.1,"Child vaccination"
"Garissa","DPT2","Percentage change",-130.1,"Child vaccination"
"Garissa","DPT3","Percentage change",-151.6,"Child vaccination"
"Garissa","OPV","Percentage change",3.3,"Child vaccination"
"Garissa","OPV1","Percentage change",-49.8,"Child vaccination"
"Garissa","OPV2","Percentage change",-57.5,"Child vaccination"
"Garissa","OPV3","Percentage change",-138.9,"Child vaccination"
"Garissa","FULL_VACCINATION","Percentage change",-242.6,"Child vaccination"
"Wajir","BCG","Percentage change",3.9,"Child vaccination"
"Wajir","DPT1","Percentage change",4,"Child vaccination"
"Wajir","DPT2","Percentage change",-3.5,"Child vaccination"
"Wajir","DPT3","Percentage change",-18.9,"Child vaccination"
"Wajir","OPV","Percentage change",18.2,"Child vaccination"
"Wajir","OPV1","Percentage change",2.1,"Child vaccination"
"Wajir","OPV2","Percentage change",-7.8,"Child vaccination"
"Wajir","OPV3","Percentage change",-32.8,"Child vaccination"
"Wajir","FULL_VACCINATION","Percentage change",-157.8,"Child vaccination"
"Mandera","BCG","Percentage change",-13.6,"Child vaccination"
"Mandera","DPT1","Percentage change",-7.1,"Child vaccination"
"Mandera","DPT2","Percentage change",-8.2,"Child vaccination"
"Mandera","DPT3","Percentage change",-11.4,"Child vaccination"
"Mandera","OPV","Percentage change",10.8,"Child vaccination"
"Mandera","OPV1","Percentage change",-15.8,"Child vaccination"
"Mandera","OPV2","Percentage change",-1.5,"Child vaccination"
"Mandera","OPV3","Percentage change",-34.4,"Child vaccination"
"Mandera","FULL_VACCINATION","Percentage change",-662.5,"Child vaccination"
"Marsabit","BCG","Percentage change",2.3,"Child vaccination"
"Marsabit","DPT1","Percentage change",-3.4,"Child vaccination"
"Marsabit","DPT2","Percentage change",-4.1,"Child vaccination"
"Marsabit","DPT3","Percentage change",-1.2,"Child vaccination"
"Marsabit","OPV","Percentage change",45.7,"Child vaccination"
"Marsabit","OPV1","Percentage change",-7.5,"Child vaccination"
"Marsabit","OPV2","Percentage change",-10.8,"Child vaccination"
"Marsabit","OPV3","Percentage change",-66.9,"Child vaccination"
"Marsabit","FULL_VACCINATION","Percentage change",-249.7,"Child vaccination"
"Isiolo","BCG","Percentage change",0.7,"Child vaccination"
"Isiolo","DPT1","Percentage change",-1.9,"Child vaccination"
"Isiolo","DPT2","Percentage change",-2.4,"Child vaccination"
"Isiolo","DPT3","Percentage change",-6.4,"Child vaccination"
"Isiolo","OPV","Percentage change",14.6,"Child vaccination"
"Isiolo","OPV1","Percentage change",-13.7,"Child vaccination"
"Isiolo","OPV2","Percentage change",-17.8,"Child vaccination"
"Isiolo","OPV3","Percentage change",-57.7,"Child vaccination"
"Isiolo","FULL_VACCINATION","Percentage change",-121.8,"Child vaccination"
"Meru","BCG","Percentage change",0.8,"Child vaccination"
"Meru","DPT1","Percentage change",-1.7,"Child vaccination"
"Meru","DPT2","Percentage change",-3.8,"Child vaccination"
"Meru","DPT3","Percentage change",-1.4,"Child vaccination"
"Meru","OPV","Percentage change",24,"Child vaccination"
"Meru","OPV1","Percentage change",-3.2,"Child vaccination"
"Meru","OPV2","Percentage change",-11.7,"Child vaccination"
"Meru","OPV3","Percentage change",-16.8,"Child vaccination"
"Meru","FULL_VACCINATION","Percentage change",-44.9,"Child vaccination"
"Tharaka Nithi","BCG","Percentage change",0,"Child vaccination"
"Tharaka Nithi","DPT1","Percentage change",1.7,"Child vaccination"
"Tharaka Nithi","DPT2","Percentage change",-0.3,"Child vaccination"
"Tharaka Nithi","DPT3","Percentage change",-0.5,"Child vaccination"
"Tharaka Nithi","OPV","Percentage change",0.3,"Child vaccination"
"Tharaka Nithi","OPV1","Percentage change",0,"Child vaccination"
"Tharaka Nithi","OPV2","Percentage change",-2,"Child vaccination"
"Tharaka Nithi","OPV3","Percentage change",-7,"Child vaccination"
"Tharaka Nithi","FULL_VACCINATION","Percentage change",-16.1,"Child vaccination"
"Embu","BCG","Percentage change",0,"Child vaccination"
"Embu","DPT1","Percentage change",0,"Child vaccination"
"Embu","DPT2","Percentage change",0,"Child vaccination"
"Embu","DPT3","Percentage change",-2.1,"Child vaccination"
"Embu","OPV","Percentage change",10.1,"Child vaccination"
"Embu","OPV1","Percentage change",0,"Child vaccination"
"Embu","OPV2","Percentage change",-1.9,"Child vaccination"
"Embu","OPV3","Percentage change",-4.3,"Child vaccination"
"Embu","FULL_VACCINATION","Percentage change",-13.1,"Child vaccination"
"Kitui","BCG","Percentage change",-11,"Child vaccination"
"Kitui","DPT1","Percentage change",-5.6,"Child vaccination"
"Kitui","DPT2","Percentage change",-7.4,"Child vaccination"
"Kitui","DPT3","Percentage change",2.9,"Child vaccination"
"Kitui","OPV","Percentage change",41.9,"Child vaccination"
"Kitui","OPV1","Percentage change",-7.6,"Child vaccination"
"Kitui","OPV2","Percentage change",-2.5,"Child vaccination"
"Kitui","OPV3","Percentage change",-4.1,"Child vaccination"
"Kitui","FULL_VACCINATION","Percentage change",-15,"Child vaccination"
"Machakos","BCG","Percentage change",-5,"Child vaccination"
"Machakos","DPT1","Percentage change",-2.5,"Child vaccination"
"Machakos","DPT2","Percentage change",-6.6,"Child vaccination"
"Machakos","DPT3","Percentage change",-6,"Child vaccination"
"Machakos","OPV","Percentage change",5.4,"Child vaccination"
"Machakos","OPV1","Percentage change",-0.8,"Child vaccination"
"Machakos","OPV2","Percentage change",-0.8,"Child vaccination"
"Machakos","OPV3","Percentage change",-5.4,"Child vaccination"
"Machakos","FULL_VACCINATION","Percentage change",-27.1,"Child vaccination"
"Makueni","BCG","Percentage change",-2.2,"Child vaccination"
"Makueni","DPT1","Percentage change",-2.2,"Child vaccination"
"Makueni","DPT2","Percentage change",-11.6,"Child vaccination"
"Makueni","DPT3","Percentage change",-15.9,"Child vaccination"
"Makueni","OPV","Percentage change",20.8,"Child vaccination"
"Makueni","OPV1","Percentage change",-2.2,"Child vaccination"
"Makueni","OPV2","Percentage change",0,"Child vaccination"
"Makueni","OPV3","Percentage change",-12.2,"Child vaccination"
"Makueni","FULL_VACCINATION","Percentage change",-36.9,"Child vaccination"
"Nyandarua","BCG","Percentage change",0,"Child vaccination"
"Nyandarua","DPT1","Percentage change",0,"Child vaccination"
"Nyandarua","DPT2","Percentage change",1.9,"Child vaccination"
"Nyandarua","DPT3","Percentage change",7.3,"Child vaccination"
"Nyandarua","OPV","Percentage change",13.7,"Child vaccination"
"Nyandarua","OPV1","Percentage change",-0.8,"Child vaccination"
"Nyandarua","OPV2","Percentage change",-2.5,"Child vaccination"
"Nyandarua","OPV3","Percentage change",-13.8,"Child vaccination"
"Nyandarua","FULL_VACCINATION","Percentage change",-15.3,"Child vaccination"
"Nyeri","BCG","Percentage change",-7.9,"Child vaccination"
"Nyeri","DPT1","Percentage change",-2.6,"Child vaccination"
"Nyeri","DPT2","Percentage change",-4.6,"Child vaccination"
"Nyeri","DPT3","Percentage change",-10.5,"Child vaccination"
"Nyeri","OPV","Percentage change",4.5,"Child vaccination"
"Nyeri","OPV1","Percentage change",-7.6,"Child vaccination"
"Nyeri","OPV2","Percentage change",-7.6,"Child vaccination"
"Nyeri","OPV3","Percentage change",-16,"Child vaccination"
"Nyeri","FULL_VACCINATION","Percentage change",-48.9,"Child vaccination"
"Kirinyaga","BCG","Percentage change",-1.9,"Child vaccination"
"Kirinyaga","DPT1","Percentage change",0,"Child vaccination"
"Kirinyaga","DPT2","Percentage change",-1.8,"Child vaccination"
"Kirinyaga","DPT3","Percentage change",-8.6,"Child vaccination"
"Kirinyaga","OPV","Percentage change",36.6,"Child vaccination"
"Kirinyaga","OPV1","Percentage change",0,"Child vaccination"
"Kirinyaga","OPV2","Percentage change",-2,"Child vaccination"
"Kirinyaga","OPV3","Percentage change",-22.2,"Child vaccination"
"Kirinyaga","FULL_VACCINATION","Percentage change",-30.2,"Child vaccination"
"Muranga","BCG","Percentage change",-2.4,"Child vaccination"
"Muranga","DPT1","Percentage change",-2.4,"Child vaccination"
"Muranga","DPT2","Percentage change",1,"Child vaccination"
"Muranga","DPT3","Percentage change",7,"Child vaccination"
"Muranga","OPV","Percentage change",19.3,"Child vaccination"
"Muranga","OPV1","Percentage change",-2.4,"Child vaccination"
"Muranga","OPV2","Percentage change",1,"Child vaccination"
"Muranga","OPV3","Percentage change",-20.3,"Child vaccination"
"Muranga","FULL_VACCINATION","Percentage change",-30.5,"Child vaccination"
"Kiambu","BCG","Percentage change",0,"Child vaccination"
"Kiambu","DPT1","Percentage change",0,"Child vaccination"
"Kiambu","DPT2","Percentage change",0,"Child vaccination"
"Kiambu","DPT3","Percentage change",-7.8,"Child vaccination"
"Kiambu","OPV","Percentage change",14.3,"Child vaccination"
"Kiambu","OPV1","Percentage change",-1.8,"Child vaccination"
"Kiambu","OPV2","Percentage change",-4.9,"Child vaccination"
"Kiambu","OPV3","Percentage change",-23.1,"Child vaccination"
"Kiambu","FULL_VACCINATION","Percentage change",-48.4,"Child vaccination"
"Turkana","BCG","Percentage change",2.3,"Child vaccination"
"Turkana","DPT1","Percentage change",2.3,"Child vaccination"
"Turkana","DPT2","Percentage change",0.2,"Child vaccination"
"Turkana","DPT3","Percentage change",-2.5,"Child vaccination"
"Turkana","OPV","Percentage change",-12.3,"Child vaccination"
"Turkana","OPV1","Percentage change",1.4,"Child vaccination"
"Turkana","OPV2","Percentage change",-0.6,"Child vaccination"
"Turkana","OPV3","Percentage change",-14.5,"Child vaccination"
"Turkana","FULL_VACCINATION","Percentage change",-110.9,"Child vaccination"
"West Pokot","BCG","Percentage change",18.9,"Child vaccination"
"West Pokot","DPT1","Percentage change",11.9,"Child vaccination"
"West Pokot","DPT2","Percentage change",5.7,"Child vaccination"
"West Pokot","DPT3","Percentage change",7.6,"Child vaccination"
"West Pokot","OPV","Percentage change",21.9,"Child vaccination"
"West Pokot","OPV1","Percentage change",9.7,"Child vaccination"
"West Pokot","OPV2","Percentage change",12.4,"Child vaccination"
"West Pokot","OPV3","Percentage change",-17.2,"Child vaccination"
"West Pokot","FULL_VACCINATION","Percentage change",-191.6,"Child vaccination"
"Samburu","BCG","Percentage change",-4,"Child vaccination"
"Samburu","DPT1","Percentage change",-2.6,"Child vaccination"
"Samburu","DPT2","Percentage change",-0.8,"Child vaccination"
"Samburu","DPT3","Percentage change",0.3,"Child vaccination"
"Samburu","OPV","Percentage change",18.4,"Child vaccination"
"Samburu","OPV1","Percentage change",-5.9,"Child vaccination"
"Samburu","OPV2","Percentage change",-8.9,"Child vaccination"
"Samburu","OPV3","Percentage change",-26.5,"Child vaccination"
"Samburu","FULL_VACCINATION","Percentage change",-130.6,"Child vaccination"
"Trans Nzoia","BCG","Percentage change",-2,"Child vaccination"
"Trans Nzoia","DPT1","Percentage change",0,"Child vaccination"
"Trans Nzoia","DPT2","Percentage change",-0.1,"Child vaccination"
"Trans Nzoia","DPT3","Percentage change",11,"Child vaccination"
"Trans Nzoia","OPV","Percentage change",35.1,"Child vaccination"
"Trans Nzoia","OPV1","Percentage change",-1.8,"Child vaccination"
"Trans Nzoia","OPV2","Percentage change",-1.9,"Child vaccination"
"Trans Nzoia","OPV3","Percentage change",1.4,"Child vaccination"
"Trans Nzoia","FULL_VACCINATION","Percentage change",9.5,"Child vaccination"
"Uasin Gishu","BCG","Percentage change",2.7,"Child vaccination"
"Uasin Gishu","DPT1","Percentage change",1.3,"Child vaccination"
"Uasin Gishu","DPT2","Percentage change",-0.5,"Child vaccination"
"Uasin Gishu","DPT3","Percentage change",3.3,"Child vaccination"
"Uasin Gishu","OPV","Percentage change",39.8,"Child vaccination"
"Uasin Gishu","OPV1","Percentage change",2.7,"Child vaccination"
"Uasin Gishu","OPV2","Percentage change",0,"Child vaccination"
"Uasin Gishu","OPV3","Percentage change",-15.6,"Child vaccination"
"Uasin Gishu","FULL_VACCINATION","Percentage change",-46.7,"Child vaccination"
"Elgeyo Marakwet","BCG","Percentage change",-2.5,"Child vaccination"
"Elgeyo Marakwet","DPT1","Percentage change",-5.4,"Child vaccination"
"Elgeyo Marakwet","DPT2","Percentage change",-10.2,"Child vaccination"
"Elgeyo Marakwet","DPT3","Percentage change",-17.4,"Child vaccination"
"Elgeyo Marakwet","OPV","Percentage change",0.8,"Child vaccination"
"Elgeyo Marakwet","OPV1","Percentage change",-1.2,"Child vaccination"
"Elgeyo Marakwet","OPV2","Percentage change",-6.5,"Child vaccination"
"Elgeyo Marakwet","OPV3","Percentage change",-28.3,"Child vaccination"
"Elgeyo Marakwet","FULL_VACCINATION","Percentage change",-97.2,"Child vaccination"
"Nandi","BCG","Percentage change",0.6,"Child vaccination"
"Nandi","DPT1","Percentage change",0,"Child vaccination"
"Nandi","DPT2","Percentage change",-3.7,"Child vaccination"
"Nandi","DPT3","Percentage change",-3.8,"Child vaccination"
"Nandi","OPV","Percentage change",30.9,"Child vaccination"
"Nandi","OPV1","Percentage change",0,"Child vaccination"
"Nandi","OPV2","Percentage change",-0.5,"Child vaccination"
"Nandi","OPV3","Percentage change",-13.1,"Child vaccination"
"Nandi","FULL_VACCINATION","Percentage change",-48.2,"Child vaccination"
"Baringo","BCG","Percentage change",-1.7,"Child vaccination"
"Baringo","DPT1","Percentage change",-2,"Child vaccination"
"Baringo","DPT2","Percentage change",-0.3,"Child vaccination"
"Baringo","DPT3","Percentage change",1.8,"Child vaccination"
"Baringo","OPV","Percentage change",21,"Child vaccination"
"Baringo","OPV1","Percentage change",-2,"Child vaccination"
"Baringo","OPV2","Percentage change",-1,"Child vaccination"
"Baringo","OPV3","Percentage change",-13.6,"Child vaccination"
"Baringo","FULL_VACCINATION","Percentage change",-60.3,"Child vaccination"
"Laikipia","BCG","Percentage change",-5.1,"Child vaccination"
"Laikipia","DPT1","Percentage change",-1.6,"Child vaccination"
"Laikipia","DPT2","Percentage change",-1.6,"Child vaccination"
"Laikipia","DPT3","Percentage change",2.4,"Child vaccination"
"Laikipia","OPV","Percentage change",18.4,"Child vaccination"
"Laikipia","OPV1","Percentage change",-1.6,"Child vaccination"
"Laikipia","OPV2","Percentage change",-1,"Child vaccination"
"Laikipia","OPV3","Percentage change",-18.5,"Child vaccination"
"Laikipia","FULL_VACCINATION","Percentage change",-42.9,"Child vaccination"
"Nakuru","BCG","Percentage change",1.9,"Child vaccination"
"Nakuru","DPT1","Percentage change",1.2,"Child vaccination"
"Nakuru","DPT2","Percentage change",3,"Child vaccination"
"Nakuru","DPT3","Percentage change",8.3,"Child vaccination"
"Nakuru","OPV","Percentage change",19.7,"Child vaccination"
"Nakuru","OPV1","Percentage change",1.2,"Child vaccination"
"Nakuru","OPV2","Percentage change",4,"Child vaccination"
"Nakuru","OPV3","Percentage change",0.8,"Child vaccination"
"Nakuru","FULL_VACCINATION","Percentage change",-7.9,"Child vaccination"
"Narok","BCG","Percentage change",3.7,"Child vaccination"
"Narok","DPT1","Percentage change",1.2,"Child vaccination"
"Narok","DPT2","Percentage change",6.5,"Child vaccination"
"Narok","DPT3","Percentage change",8.6,"Child vaccination"
"Narok","OPV","Percentage change",30.2,"Child vaccination"
"Narok","OPV1","Percentage change",-1.4,"Child vaccination"
"Narok","OPV2","Percentage change",-0.8,"Child vaccination"
"Narok","OPV3","Percentage change",-8.2,"Child vaccination"
"Narok","FULL_VACCINATION","Percentage change",-89.9,"Child vaccination"
"Kajiado","BCG","Percentage change",-0.8,"Child vaccination"
"Kajiado","DPT1","Percentage change",-5.5,"Child vaccination"
"Kajiado","DPT2","Percentage change",-7.9,"Child vaccination"
"Kajiado","DPT3","Percentage change",-7.5,"Child vaccination"
"Kajiado","OPV","Percentage change",36.2,"Child vaccination"
"Kajiado","OPV1","Percentage change",0.7,"Child vaccination"
"Kajiado","OPV2","Percentage change",1.5,"Child vaccination"
"Kajiado","OPV3","Percentage change",3.5,"Child vaccination"
"Kajiado","FULL_VACCINATION","Percentage change",-29.7,"Child vaccination"
"Kericho","BCG","Percentage change",-6.3,"Child vaccination"
"Kericho","DPT1","Percentage change",-4.8,"Child vaccination"
"Kericho","DPT2","Percentage change",-4.8,"Child vaccination"
"Kericho","DPT3","Percentage change",-2.9,"Child vaccination"
"Kericho","OPV","Percentage change",1.7,"Child vaccination"
"Kericho","OPV1","Percentage change",-4.8,"Child vaccination"
"Kericho","OPV2","Percentage change",-6,"Child vaccination"
"Kericho","OPV3","Percentage change",-29.9,"Child vaccination"
"Kericho","FULL_VACCINATION","Percentage change",-50.8,"Child vaccination"
"Bomet","BCG","Percentage change",-1.5,"Child vaccination"
"Bomet","DPT1","Percentage change",-1.5,"Child vaccination"
"Bomet","DPT2","Percentage change",-3.7,"Child vaccination"
"Bomet","DPT3","Percentage change",-9.1,"Child vaccination"
"Bomet","OPV","Percentage change",28.8,"Child vaccination"
"Bomet","OPV1","Percentage change",-1.5,"Child vaccination"
"Bomet","OPV2","Percentage change",-1.5,"Child vaccination"
"Bomet","OPV3","Percentage change",-4.8,"Child vaccination"
"Bomet","FULL_VACCINATION","Percentage change",-27.2,"Child vaccination"
"Kakamega","BCG","Percentage change",5.1,"Child vaccination"
"Kakamega","DPT1","Percentage change",1.1,"Child vaccination"
"Kakamega","DPT2","Percentage change",5.1,"Child vaccination"
"Kakamega","DPT3","Percentage change",7.8,"Child vaccination"
"Kakamega","OPV","Percentage change",53.4,"Child vaccination"
"Kakamega","OPV1","Percentage change",0.7,"Child vaccination"
"Kakamega","OPV2","Percentage change",3.4,"Child vaccination"
"Kakamega","OPV3","Percentage change",2.5,"Child vaccination"
"Kakamega","FULL_VACCINATION","Percentage change",-0.4,"Child vaccination"
"Vihiga","BCG","Percentage change",1.7,"Child vaccination"
"Vihiga","DPT1","Percentage change",1.7,"Child vaccination"
"Vihiga","DPT2","Percentage change",1.7,"Child vaccination"
"Vihiga","DPT3","Percentage change",-1.1,"Child vaccination"
"Vihiga","OPV","Percentage change",19.9,"Child vaccination"
"Vihiga","OPV1","Percentage change",1.7,"Child vaccination"
"Vihiga","OPV2","Percentage change",1.7,"Child vaccination"
"Vihiga","OPV3","Percentage change",-6.5,"Child vaccination"
"Vihiga","FULL_VACCINATION","Percentage change",-34.7,"Child vaccination"
"Bungoma","BCG","Percentage change",4.7,"Child vaccination"
"Bungoma","DPT1","Percentage change",3.7,"Child vaccination"
"Bungoma","DPT2","Percentage change",2.4,"Child vaccination"
"Bungoma","DPT3","Percentage change",8.6,"Child vaccination"
"Bungoma","OPV","Percentage change",38.1,"Child vaccination"
"Bungoma","OPV1","Percentage change",1.5,"Child vaccination"
"Bungoma","OPV2","Percentage change",2,"Child vaccination"
"Bungoma","OPV3","Percentage change",-1.3,"Child vaccination"
"Bungoma","FULL_VACCINATION","Percentage change",-15.2,"Child vaccination"
"Busia","BCG","Percentage change",0.2,"Child vaccination"
"Busia","DPT1","Percentage change",3.1,"Child vaccination"
"Busia","DPT2","Percentage change",4.7,"Child vaccination"
"Busia","DPT3","Percentage change",6.3,"Child vaccination"
"Busia","OPV","Percentage change",39.6,"Child vaccination"
"Busia","OPV1","Percentage change",0,"Child vaccination"
"Busia","OPV2","Percentage change",-1.1,"Child vaccination"
"Busia","OPV3","Percentage change",-28.2,"Child vaccination"
"Busia","FULL_VACCINATION","Percentage change",-44.1,"Child vaccination"
"Siaya","BCG","Percentage change",0.9,"Child vaccination"
"Siaya","DPT1","Percentage change",-0.7,"Child vaccination"
"Siaya","DPT2","Percentage change",-2.6,"Child vaccination"
"Siaya","DPT3","Percentage change",0,"Child vaccination"
"Siaya","OPV","Percentage change",17.4,"Child vaccination"
"Siaya","OPV1","Percentage change",-0.7,"Child vaccination"
"Siaya","OPV2","Percentage change",-4.6,"Child vaccination"
"Siaya","OPV3","Percentage change",-8.9,"Child vaccination"
"Siaya","FULL_VACCINATION","Percentage change",-11.6,"Child vaccination"
"Kisumu","BCG","Percentage change",0.5,"Child vaccination"
"Kisumu","DPT1","Percentage change",2.4,"Child vaccination"
"Kisumu","DPT2","Percentage change",-11.4,"Child vaccination"
"Kisumu","DPT3","Percentage change",0.7,"Child vaccination"
"Kisumu","OPV","Percentage change",16.5,"Child vaccination"
"Kisumu","OPV1","Percentage change",1.1,"Child vaccination"
"Kisumu","OPV2","Percentage change",2.3,"Child vaccination"
"Kisumu","OPV3","Percentage change",-2.9,"Child vaccination"
"Kisumu","FULL_VACCINATION","Percentage change",-26,"Child vaccination"
"Homa Bay","BCG","Percentage change",3.9,"Child vaccination"
"Homa Bay","DPT1","Percentage change",-0.4,"Child vaccination"
"Homa Bay","DPT2","Percentage change",-2.6,"Child vaccination"
"Homa Bay","DPT3","Percentage change",4.5,"Child vaccination"
"Homa Bay","OPV","Percentage change",31.1,"Child vaccination"
"Homa Bay","OPV1","Percentage change",-0.3,"Child vaccination"
"Homa Bay","OPV2","Percentage change",-4.3,"Child vaccination"
"Homa Bay","OPV3","Percentage change",-13.2,"Child vaccination"
"Homa Bay","FULL_VACCINATION","Percentage change",-22.4,"Child vaccination"
"Migori","BCG","Percentage change",12,"Child vaccination"
"Migori","DPT1","Percentage change",0,"Child vaccination"
"Migori","DPT2","Percentage change",0.6,"Child vaccination"
"Migori","DPT3","Percentage change",1.5,"Child vaccination"
"Migori","OPV","Percentage change",56.5,"Child vaccination"
"Migori","OPV1","Percentage change",-0.9,"Child vaccination"
"Migori","OPV2","Percentage change",-1.3,"Child vaccination"
"Migori","OPV3","Percentage change",-8.8,"Child vaccination"
"Migori","FULL_VACCINATION","Percentage change",19.9,"Child vaccination"
"Kisii","BCG","Percentage change",-0.9,"Child vaccination"
"Kisii","DPT1","Percentage change",1.3,"Child vaccination"
"Kisii","DPT2","Percentage change",-2.2,"Child vaccination"
"Kisii","DPT3","Percentage change",0.4,"Child vaccination"
"Kisii","OPV","Percentage change",8.1,"Child vaccination"
"Kisii","OPV1","Percentage change",0,"Child vaccination"
"Kisii","OPV2","Percentage change",-3.7,"Child vaccination"
"Kisii","OPV3","Percentage change",-9.8,"Child vaccination"
"Kisii","FULL_VACCINATION","Percentage change",-0.7,"Child vaccination"
"Nyamira","BCG","Percentage change",1,"Child vaccination"
"Nyamira","DPT1","Percentage change",1,"Child vaccination"
"Nyamira","DPT2","Percentage change",-3.1,"Child vaccination"
"Nyamira","DPT3","Percentage change",-2.2,"Child vaccination"
"Nyamira","OPV","Percentage change",7.2,"Child vaccination"
"Nyamira","OPV1","Percentage change",-2.7,"Child vaccination"
"Nyamira","OPV2","Percentage change",-5.5,"Child vaccination"
"Nyamira","OPV3","Percentage change",-9.2,"Child vaccination"
"Nyamira","FULL_VACCINATION","Percentage change",-65.1,"Child vaccination"
"Nairobi","BCG","Percentage change",-0.8,"Child vaccination"
"Nairobi","DPT1","Percentage change",0.1,"Child vaccination"
"Nairobi","DPT2","Percentage change",-0.2,"Child vaccination"
"Nairobi","DPT3","Percentage change",-0.3,"Child vaccination"
"Nairobi","OPV","Percentage change",23.6,"Child vaccination"
"Nairobi","OPV1","Percentage change",-3.1,"Child vaccination"
"Nairobi","OPV2","Percentage change",-1.7,"Child vaccination"
"Nairobi","OPV3","Percentage change",-34.7,"Child vaccination"
"Nairobi","FULL_VACCINATION","Percentage change",-62.4,"Child vaccination"
